relative_se,spectrum_width,spd_probability,drift,coverage,risk,risk_ucb95,selected_seed_clusters
0.05,0.1,0.8,0.1,0.0022222222222222222,0.07142857142857142,0.17647058823529413,22
0.05,0.1,0.8,0.2,0.0075,0.08994708994708994,0.14037037037037034,39
0.05,0.1,0.8,0.3,0.009484126984126984,0.19665271966527198,0.26601581121881457,41
0.05,0.1,0.8,0.5,0.011111111111111112,0.3142857142857143,0.39523903632599283,44
0.05,0.1,0.9,0.1,0.0021825396825396826,0.07272727272727272,0.18522825150732122,22
0.05,0.1,0.9,0.2,0.0074206349206349205,0.09090909090909091,0.14423572561459158,39
0.05,0.1,0.9,0.3,0.009404761904761905,0.19831223628691982,0.26843989343989344,41
0.05,0.1,0.9,0.5,0.011031746031746031,0.31654676258992803,0.40298791215027524,44
0.05,0.1,0.95,0.1,0.0021825396825396826,0.07272727272727272,0.18645197740112993,22
0.05,0.1,0.95,0.2,0.0074206349206349205,0.09090909090909091,0.14207927658039998,39
0.05,0.1,0.95,0.3,0.009365079365079364,0.19491525423728814,0.26071846699493817,41
0.05,0.1,0.95,0.5,0.010992063492063492,0.3140794223826715,0.4013204225352113,44
0.05,0.2,0.8,0.1,0.006349206349206349,0.10625,0.17752794214332673,38
0.05,0.2,0.8,0.2,0.02123015873015873,0.18878504672897195,0.2368683001531393,49
0.05,0.2,0.8,0.3,0.03115079365079365,0.3503184713375796,0.3919397193488666,49
0.05,0.2,0.8,0.5,0.04,0.4742063492063492,0.5170731707317073,50
0.05,0.2,0.9,0.1,0.00623015873015873,0.10828025477707007,0.18421787709497206,38
0.05,0.2,0.9,0.2,0.020793650793650795,0.1851145038167939,0.23217675065532553,48
0.05,0.2,0.9,0.3,0.030515873015873017,0.34850455136540964,0.3889011257953989,49
0.05,0.2,0.9,0.5,0.03916666666666667,0.47213779128672745,0.5116635673845626,50
0.05,0.2,0.95,0.1,0.006190476190476191,0.10897435897435898,0.18241329739442944,38
0.05,0.2,0.95,0.2,0.020555555555555556,0.18532818532818532,0.23150418525181335,48
0.05,0.2,0.95,0.3,0.03,0.34523809523809523,0.387459487690115,49
0.05,0.2,0.95,0.5,0.03861111111111111,0.47070914696813976,0.5119170984455959,50
0.05,0.3,0.8,0.1,0.0064682539682539685,0.11042944785276074,0.18025318829707423,38
0.05,0.3,0.8,0.2,0.0223015873015873,0.20640569395017794,0.2575321304992585,49
0.05,0.3,0.8,0.3,0.03380952380952381,0.3779342723004695,0.4214815312334135,49
0.05,0.3,0.8,0.5,0.044682539682539685,0.5115452930728241,0.5560650103250051,50
0.05,0.3,0.9,0.1,0.006309523809523809,0.11320754716981132,0.18518518518518517,38
0.05,0.3,0.9,0.2,0.021785714285714287,0.2040072859744991,0.25641301945181255,48
0.05,0.3,0.9,0.3,0.033095238095238094,0.3776978417266187,0.42028177150094725,49
0.05,0.3,0.9,0.5,0.04376984126984127,0.5113327289211242,0.5578308974941127,50
0.05,0.3,0.95,0.1,0.00626984126984127,0.11392405063291139,0.18705268043629614,38
0.05,0.3,0.95,0.2,0.021507936507936507,0.2029520295202952,0.25253535353535356,48
0.05,0.3,0.95,0.3,0.03253968253968254,0.374390243902439,0.4212615815556992,49
0.05,0.3,0.95,0.5,0.04317460317460318,0.5101102941176471,0.5546394474019974,50
0.05,0.5,0.8,0.1,0.006587301587301587,0.10843373493975904,0.1768813775510204,38
0.05,0.5,0.8,0.2,0.02257936507936508,0.20738137082601055,0.25539036969702894,49
0.05,0.5,0.8,0.3,0.03428571428571429,0.38078703703703703,0.4234310087289362,49
0.05,0.5,0.8,0.5,0.04535714285714286,0.5135608048993876,0.5551547944610843,50
0.05,0.5,0.9,0.1,0.006388888888888889,0.11180124223602485,0.1807909604519774,38
0.05,0.5,0.9,0.2,0.021984126984126984,0.20577617328519857,0.253498219388561,48
0.05,0.5,0.9,0.3,0.03349206349206349,0.3815165876777251,0.42421305874239856,49
0.05,0.5,0.9,0.5,0.04428571428571428,0.514336917562724,0.5618894166910556,50
0.05,0.5,0.95,0.1,0.006349206349206349,0.1125,0.1834375702194592,38
0.05,0.5,0.95,0.2,0.021666666666666667,0.20512820512820512,0.25847945183077403,48
0.05,0.5,0.95,0.3,0.032896825396825397,0.37876960193003617,0.4216097099130518,49
0.05,0.5,0.95,0.5,0.04365079365079365,0.5136363636363637,0.5583880257705506,50
0.1,0.1,0.8,0.1,0.002341269841269841,0.06779661016949153,0.1702127659574468,22
0.1,0.1,0.8,0.2,0.008174603174603175,0.09223300970873786,0.14026295731707317,39
0.1,0.1,0.8,0.3,0.010436507936507937,0.20912547528517111,0.27468466402385083,41
0.1,0.1,0.8,0.5,0.01253968253968254,0.34177215189873417,0.42230156600643964,44
0.1,0.1,0.9,0.1,0.0023015873015873015,0.06896551724137931,0.16666666666666666,22
0.1,0.1,0.9,0.2,0.008055555555555555,0.09359605911330049,0.14130719326200772,39
0.1,0.1,0.9,0.3,0.010317460317460317,0.21153846153846154,0.2758682486713632,41
0.1,0.1,0.9,0.5,0.01242063492063492,0.3450479233226837,0.42500850340136054,44
0.1,0.1,0.95,0.1,0.0023015873015873015,0.06896551724137931,0.17571542130365658,22
0.1,0.1,0.95,0.2,0.008015873015873016,0.0891089108910891,0.1374527783501614,39
0.1,0.1,0.95,0.3,0.010238095238095239,0.2054263565891473,0.2724294670846395,41
0.1,0.1,0.95,0.5,0.01234126984126984,0.3408360128617363,0.41904899532067164,44
0.1,0.2,0.8,0.05,0.0013095238095238095,0.06060606060606061,0.14303135888501725,18
0.1,0.2,0.8,0.1,0.01011904761904762,0.10196078431372549,0.15039483129935388,40
0.1,0.2,0.8,0.2,0.034126984126984124,0.21511627906976744,0.25355616155660377,49
0.1,0.2,0.8,0.3,0.051626984126984125,0.3843197540353574,0.41951359686010653,50
0.1,0.2,0.8,0.5,0.06845238095238096,0.5228985507246376,0.5590555449793299,50
0.1,0.2,0.9,0.05,0.0013095238095238095,0.06060606060606061,0.15384615384615385,18
0.1,0.2,0.9,0.1,0.009841269841269842,0.10483870967741936,0.15575081967213114,40
0.1,0.2,0.9,0.2,0.03325396825396825,0.2159904534606205,0.2534599560244119,49
0.1,0.2,0.9,0.3,0.050277777777777775,0.3851617995264404,0.419413990743806,50
0.1,0.2,0.9,0.5,0.06662698412698413,0.5229303156640858,0.5590187681968861,50
0.1,0.2,0.95,0.05,0.0013095238095238095,0.06060606060606061,0.15151515151515152,18
0.1,0.2,0.95,0.1,0.009682539682539683,0.10655737704918032,0.1574074074074074,40
0.1,0.2,0.95,0.2,0.03238095238095238,0.21568627450980393,0.25206316590563166,49
0.1,0.2,0.95,0.3,0.04853174603174603,0.3851185609157809,0.41977374565562187,50
0.1,0.2,0.95,0.5,0.06472222222222222,0.5254445125689761,0.5602803690326873,50
0.1,0.3,0.8,0.05,0.0020634920634920637,0.038461538461538464,0.0972391598915989,25
0.1,0.3,0.8,0.1,0.015476190476190477,0.08205128205128205,0.11497459893048129,47
0.1,0.3,0.8,0.2,0.05587301587301587,0.23792613636363635,0.2671217581477167,50
0.1,0.3,0.8,0.3,0.08543650793650794,0.41569902461681374,0.44655094680891644,50
0.1,0.3,0.8,0.5,0.11742063492063493,0.558972625887124,0.5858757966807597,50
0.1,0.3,0.9,0.05,0.0018253968253968255,0.043478260869565216,0.10813748531139833,23
0.1,0.3,0.9,0.1,0.014603174603174604,0.08695652173913043,0.12149651011475215,47
0.1,0.3,0.9,0.2,0.05333333333333334,0.2425595238095238,0.27364743185481044,50
0.1,0.3,0.9,0.3,0.08174603174603175,0.4223300970873786,0.4525108351317815,50
0.1,0.3,0.9,0.5,0.11242063492063492,0.5651253088598659,0.5915799505824215,50
0.1,0.3,0.95,0.05,0.0018253968253968255,0.043478260869565216,0.10869565217391304,23
0.1,0.3,0.95,0.1,0.014325396825396826,0.0886426592797784,0.1246376811594203,46
0.1,0.3,0.95,0.2,0.051349206349206346,0.24343122102009274,0.2747540540092868,50
0.1,0.3,0.95,0.3,0.07837301587301587,0.42481012658227846,0.45422008434370054,50
0.1,0.3,0.95,0.5,0.10801587301587301,0.5698016164584864,0.5962603092607398,50
0.1,0.5,0.8,0.05,0.002619047619047619,0.030303030303030304,0.07547169811320754,25
0.1,0.5,0.8,0.1,0.017777777777777778,0.08928571428571429,0.1212184607582097,48
0.1,0.5,0.8,0.2,0.06349206349206349,0.245,0.27329118596748925,50
0.1,0.5,0.8,0.3,0.10047619047619048,0.43878357030015797,0.4680941102032577,50
0.1,0.5,0.8,0.5,0.14063492063492064,0.5849322799097065,0.6098641985349583,50
0.1,0.5,0.9,0.05,0.002341269841269841,0.03389830508474576,0.08774509803921565,23
0.1,0.5,0.9,0.1,0.016547619047619047,0.09352517985611511,0.1276069370567376,48
0.1,0.5,0.9,0.2,0.05988095238095238,0.25115970841616964,0.27934253765538564,50
0.1,0.5,0.9,0.3,0.09523809523809523,0.4483333333333333,0.47621514131109177,50
0.1,0.5,0.9,0.5,0.1334126984126984,0.5936942296252231,0.617035698610203,50
0.1,0.5,0.95,0.05,0.002261904761904762,0.03508771929824561,0.08888888888888889,23
0.1,0.5,0.95,0.1,0.01599206349206349,0.0967741935483871,0.13429731689630164,46
0.1,0.5,0.95,0.2,0.05682539682539683,0.2541899441340782,0.28284735418922874,50
0.1,0.5,0.95,0.3,0.09023809523809524,0.455584872471416,0.48426068143884327,50
0.1,0.5,0.95,0.5,0.12694444444444444,0.6020631447327289,0.6268959212231505,50
0.2,0.1,0.8,0.1,0.002341269841269841,0.06779661016949153,0.1694915254237288,22
0.2,0.1,0.8,0.2,0.008214285714285714,0.09178743961352658,0.14459077690070626,39
0.2,0.1,0.8,0.3,0.010515873015873017,0.20754716981132076,0.27420068512703394,41
0.2,0.1,0.8,0.5,0.01265873015873016,0.34169278996865204,0.42373442586148835,44
0.2,0.1,0.9,0.1,0.0023015873015873015,0.06896551724137931,0.16903795655287657,22
0.2,0.1,0.9,0.2,0.008095238095238095,0.09313725490196079,0.14189957002457002,39
0.2,0.1,0.9,0.3,0.010396825396825397,0.2099236641221374,0.27555730533683287,41
0.2,0.1,0.9,0.5,0.01253968253968254,0.3449367088607595,0.42765468227424747,44
0.2,0.1,0.95,0.1,0.0023015873015873015,0.06896551724137931,0.17394755003450652,22
0.2,0.1,0.95,0.2,0.008055555555555555,0.08866995073891626,0.13581707940682297,39
0.2,0.1,0.95,0.3,0.010317460317460317,0.20384615384615384,0.2686106674074588,41
0.2,0.1,0.95,0.5,0.01246031746031746,0.34076433121019106,0.4245348566777138,44
0.2,0.2,0.8,0.05,0.0013492063492063493,0.058823529411764705,0.14285714285714285,18
0.2,0.2,0.8,0.1,0.010317460317460317,0.1076923076923077,0.15880410553282095,41
0.2,0.2,0.8,0.2,0.034761904761904765,0.22146118721461186,0.25834359841643734,49
0.2,0.2,0.8,0.3,0.05261904761904762,0.389894419306184,0.42444607969704795,50
0.2,0.2,0.8,0.5,0.07047619047619047,0.5320945945945946,0.5675070993355573,50
0.2,0.2,0.9,0.05,0.0013492063492063493,0.058823529411764705,0.13793103448275862,18
0.2,0.2,0.9,0.1,0.01003968253968254,0.11067193675889328,0.1623931623931624,41
0.2,0.2,0.9,0.2,0.03388888888888889,0.2224824355971897,0.25918320609667667,49
0.2,0.2,0.9,0.3,0.05126984126984127,0.3908668730650155,0.4250032865907099,50
0.2,0.2,0.9,0.5,0.06865079365079366,0.5323699421965318,0.5665680541141521,50
0.2,0.2,0.95,0.05,0.0013492063492063493,0.058823529411764705,0.14824074074074065,18
0.2,0.2,0.95,0.1,0.009880952380952381,0.11244979919678715,0.16588253353032598,41
0.2,0.2,0.95,0.2,0.03297619047619048,0.2226233453670277,0.25785546982639845,49
0.2,0.2,0.95,0.3,0.049484126984126985,0.3913392141138733,0.4256868964731447,50
0.2,0.2,0.95,0.5,0.0667063492063492,0.5353955978584176,0.5686788408156147,50
0.2,0.3,0.8,0.05,0.002142857142857143,0.037037037037037035,0.09090909090909091,25
0.2,0.3,0.8,0.1,0.015952380952380954,0.08955223880597014,0.11898763143411638,47
0.2,0.3,0.8,0.2,0.05880952380952381,0.2483130904183536,0.27913119100374095,50
0.2,0.3,0.8,0.3,0.09059523809523809,0.42575558475689884,0.45290258192983374,50
0.2,0.3,0.8,0.5,0.1261904761904762,0.5729559748427673,0.5969603124755505,50
0.2,0.3,0.9,0.05,0.0019047619047619048,0.041666666666666664,0.10260831122900084,23
0.2,0.3,0.9,0.1,0.01507936507936508,0.09473684210526316,0.12896292512042037,47
0.2,0.3,0.9,0.2,0.05615079365079365,0.25229681978798585,0.28334654617558835,50
0.2,0.3,0.9,0.3,0.08678571428571429,0.43209876543209874,0.4587654708354428,50
0.2,0.3,0.9,0.5,0.1209920634920635,0.5788783207609052,0.6029867296170219,50
0.2,0.3,0.95,0.05,0.0019047619047619048,0.041666666666666664,0.1,23
0.2,0.3,0.95,0.1,0.014801587301587302,0.09651474530831099,0.13150718923144905,46
0.2,0.3,0.95,0.2,0.05412698412698413,0.2536656891495601,0.2849121557967883,50
0.2,0.3,0.95,0.3,0.08325396825396826,0.4351763584366063,0.46300776917420644,50
0.2,0.3,0.95,0.5,0.11642857142857142,0.5841854124062713,0.607233828339892,50
0.2,0.5,0.8,0.05,0.0032142857142857142,0.04938271604938271,0.10810810810810811,30
0.2,0.5,0.8,0.1,0.021111111111111112,0.10902255639097744,0.13831181767471512,50
0.2,0.5,0.8,0.2,0.07853174603174604,0.27791814047498736,0.3027769384997934,50
0.2,0.5,0.8,0.3,0.1276984126984127,0.4698570540708515,0.4918531409616121,50
0.2,0.5,0.8,0.5,0.1866269841269841,0.622793961301297,0.6402760063893808,50
0.2,0.5,0.9,0.05,0.0028968253968253968,0.0547945205479452,0.12,28
0.2,0.5,0.9,0.1,0.019126984126984128,0.11825726141078838,0.15084559433596992,50
0.2,0.5,0.9,0.2,0.07242063492063493,0.28712328767123285,0.3141942449131955,50
0.2,0.5,0.9,0.3,0.11900793650793651,0.486162054018006,0.5099525668843178,50
0.2,0.5,0.9,0.5,0.17285714285714285,0.6356749311294766,0.6559106936219453,50
0.2,0.5,0.95,0.05,0.0027380952380952383,0.043478260869565216,0.1111111111111111,26
0.2,0.5,0.95,0.1,0.018214285714285714,0.11764705882352941,0.15257756158946809,48
0.2,0.5,0.95,0.2,0.06801587301587302,0.2864644107351225,0.31451350136857525,50
0.2,0.5,0.95,0.3,0.11138888888888888,0.4916280726754542,0.5141683651323616,50
0.2,0.5,0.95,0.5,0.16194444444444445,0.6415094339622641,0.6600109983843826,50
0.3,0.1,0.8,0.1,0.002341269841269841,0.06779661016949153,0.17647058823529413,22
0.3,0.1,0.8,0.2,0.008214285714285714,0.09178743961352658,0.1418946301925025,39
0.3,0.1,0.8,0.3,0.010515873015873017,0.20754716981132076,0.27626954368588613,41
0.3,0.1,0.8,0.5,0.01265873015873016,0.34169278996865204,0.42293250228032836,44
0.3,0.1,0.9,0.1,0.0023015873015873015,0.06896551724137931,0.1774193548387097,22
0.3,0.1,0.9,0.2,0.008095238095238095,0.09313725490196079,0.14184636764424,39
0.3,0.1,0.9,0.3,0.010396825396825397,0.2099236641221374,0.27734642551369865,41
0.3,0.1,0.9,0.5,0.01253968253968254,0.3449367088607595,0.423605640295005,44
0.3,0.1,0.95,0.1,0.0023015873015873015,0.06896551724137931,0.16981132075471697,22
0.3,0.1,0.95,0.2,0.008055555555555555,0.08866995073891626,0.1380983709273183,39
0.3,0.1,0.95,0.3,0.010317460317460317,0.20384615384615384,0.27028616852146264,41
0.3,0.1,0.95,0.5,0.01246031746031746,0.34076433121019106,0.4233128834355828,44
0.3,0.2,0.8,0.05,0.0013492063492063493,0.058823529411764705,0.14285714285714285,18
0.3,0.2,0.8,0.1,0.010317460317460317,0.1076923076923077,0.15455627705627703,41
0.3,0.2,0.8,0.2,0.034761904761904765,0.22146118721461186,0.2604893643163674,49
0.3,0.2,0.8,0.3,0.05265873015873016,0.3896006028636021,0.4222423176853866,50
0.3,0.2,0.8,0.5,0.07055555555555555,0.532058492688414,0.5687254139100147,50
0.3,0.2,0.9,0.05,0.0013492063492063493,0.058823529411764705,0.14814814814814814,18
0.3,0.2,0.9,0.1,0.01003968253968254,0.11067193675889328,0.16171418726849857,41
0.3,0.2,0.9,0.2,0.03388888888888889,0.2224824355971897,0.25768029408893806,49
0.3,0.2,0.9,0.3,0.05130952380952381,0.3905645784996133,0.42426823650634904,50
0.3,0.2,0.9,0.5,0.06873015873015872,0.5323325635103926,0.5675077599622269,50
0.3,0.2,0.95,0.05,0.0013492063492063493,0.058823529411764705,0.14285714285714285,18
0.3,0.2,0.95,0.1,0.009880952380952381,0.11244979919678715,0.16217905405405406,41
0.3,0.2,0.95,0.2,0.03297619047619048,0.2226233453670277,0.25921872333162654,49
0.3,0.2,0.95,0.3,0.049523809523809526,0.391025641025641,0.42720678704355347,50
0.3,0.2,0.95,0.5,0.06678571428571428,0.5353535353535354,0.57059557803704,50
0.3,0.3,0.8,0.05,0.002142857142857143,0.037037037037037035,0.09302325581395349,25
0.3,0.3,0.8,0.1,0.015952380952380954,0.08955223880597014,0.1233353331208559,47
0.3,0.3,0.8,0.2,0.058888888888888886,0.24932614555256064,0.28138265988663824,50
0.3,0.3,0.8,0.3,0.09087301587301587,0.42707423580786025,0.45490549887329174,50
0.3,0.3,0.8,0.5,0.12694444444444444,0.5751797436698969,0.5996786653368393,50
0.3,0.3,0.9,0.05,0.0019047619047619048,0.041666666666666664,0.10256410256410256,23
0.3,0.3,0.9,0.1,0.01507936507936508,0.09473684210526316,0.12766426094291872,47
0.3,0.3,0.9,0.2,0.05623015873015873,0.25335215243472126,0.28218977274165297,50
0.3,0.3,0.9,0.3,0.08706349206349207,0.43345487693710116,0.46267386058554294,50
0.3,0.3,0.9,0.5,0.12174603174603174,0.5811603650586702,0.6059801115689086,50
0.3,0.3,0.95,0.05,0.0019047619047619048,0.041666666666666664,0.10344827586206896,23
0.3,0.3,0.95,0.1,0.014801587301587302,0.09651474530831099,0.12935921207888842,46
0.3,0.3,0.95,0.2,0.05420634920634921,0.2547584187408492,0.283848599213029,50
0.3,0.3,0.95,0.3,0.08353174603174603,0.4365795724465558,0.4629735827052036,50
0.3,0.3,0.95,0.5,0.11718253968253968,0.5865221808330512,0.6089983098992346,50
0.3,0.5,0.8,0.05,0.0032142857142857142,0.04938271604938271,0.1093857020547945,30
0.3,0.5,0.8,0.1,0.02126984126984127,0.11194029850746269,0.14194981600084924,50
0.3,0.5,0.8,0.2,0.07888888888888888,0.2791750503018109,0.30412886558581925,50
0.3,0.5,0.8,0.3,0.12861111111111112,0.47145942610305464,0.49367093368983456,50
0.3,0.5,0.8,0.5,0.18880952380952382,0.6252627154266499,0.6435377838955321,50
0.3,0.5,0.9,0.05,0.0028968253968253968,0.0547945205479452,0.12123259623259622,28
0.3,0.5,0.9,0.1,0.019206349206349206,0.11983471074380166,0.151804714608536,50
0.3,0.5,0.9,0.2,0.07265873015873016,0.2878208629164391,0.3151649889473453,50
0.3,0.5,0.9,0.3,0.11976190476190476,0.487740225314778,0.5116671604507959,50
0.3,0.5,0.9,0.5,0.17472222222222222,0.6384283443106973,0.6573353824110709,50
0.3,0.5,0.95,0.05,0.0027380952380952383,0.043478260869565216,0.10669047619047617,26
0.3,0.5,0.95,0.1,0.018293650793650792,0.1193058568329718,0.15302595377842992,48
0.3,0.5,0.95,0.2,0.06825396825396825,0.2872093023255814,0.31381021316020735,50
0.3,0.5,0.95,0.3,0.11214285714285714,0.49327671620665253,0.5152791950113378,50
0.3,0.5,0.95,0.5,0.16373015873015873,0.6442074648570043,0.6627991285460649,50
