ratio,angle_index,design,n,runs,identifiable_runs,identifiable_rate,condition_median,condition_p90,hessian_relative_error_median,hessian_relative_error_p90,hessian_relative_error_max,magnitude_relative_error_median,magnitude_relative_error_p90,magnitude_relative_error_max,spectrum_l1_error_median,spectrum_l1_error_p90,spectrum_l1_error_max,log_condition_error_median,log_condition_error_p90,log_condition_error_max,pairwise_order_accuracy_median,pairwise_order_accuracy_p90,pairwise_order_accuracy_max,tie_fraction_median,tie_fraction_p90,tie_fraction_max
1,0,sobol,3,50,0,0.0,nan,nan,nan,nan,nan,nan,nan,nan,nan,nan,nan,nan,nan,nan,nan,nan,nan,nan,nan,nan
1,0,sobol,5,50,0,0.0,nan,nan,nan,nan,nan,nan,nan,nan,nan,nan,nan,nan,nan,nan,nan,nan,nan,nan,nan,nan
1,0,sobol,6,50,50,1.0,35.100710811359434,253.60423250892055,1.4459465439979338e-15,3.770034872693527e-15,1.976321724055963e-14,6.2803698347351e-16,2.2138303667441232e-15,4.239249638446192e-15,7.771561172376096e-16,3.802513859341163e-15,1.9539925233402755e-14,1.554312234475218e-15,7.505107646466032e-15,3.9079850466804747e-14,1.0,1.0,1.0,0.0,0.0,0.0
1,0,sobol,8,50,50,1.0,12.159681518722403,27.931273623308265,5.478237597265907e-16,1.7743327568689579e-15,9.529688534254171e-15,3.14018491736755e-16,7.850462293418875e-16,1.7271017045521525e-15,4.163336342344337e-16,1.321165399303937e-15,9.547918011776346e-15,8.881784197001248e-16,2.7533531010703855e-15,1.909583602355251e-14,1.0,1.0,1.0,0.0,0.0,0.0
1,0,sobol,12,50,50,1.0,10.309838966759084,13.114760009976422,5.873248437173829e-16,1.2458969216900816e-15,6.20559057818123e-15,3.14018491736755e-16,9.42055475210265e-16,2.826166425630795e-15,3.885780586188048e-16,1.0602629885170254e-15,6.328271240363392e-15,7.771561172376093e-16,2.1316282072803e-15,1.2656542480726704e-14,1.0,1.0,1.0,0.0,0.0,0.0
1,0,sobol,20,50,50,1.0,8.06211760291438,8.91872260481426,5.088961002770536e-16,9.698381939033766e-16,3.345554433094888e-15,3.14018491736755e-16,6.2803698347351e-16,2.51214793389404e-15,3.608224830031759e-16,8.49320613838245e-16,3.2751579226442118e-15,6.661338147750937e-16,1.5987211554602249e-15,6.661338147750917e-15,1.0,1.0,1.0,0.0,0.0,0.0
1,0,trajectory,3,50,0,0.0,nan,nan,nan,nan,nan,nan,nan,nan,nan,nan,nan,nan,nan,nan,nan,nan,nan,nan,nan,nan
1,0,trajectory,5,50,0,0.0,nan,nan,nan,nan,nan,nan,nan,nan,nan,nan,nan,nan,nan,nan,nan,nan,nan,nan,nan,nan
1,0,trajectory,6,50,50,1.0,151.71226807354003,862.7042748910684,2.705914698220405e-15,1.523030615433106e-14,1.551513936042828e-13,1.1775693440128313e-15,8.227284483502982e-15,7.677752122963659e-14,2.3869795029440866e-15,1.139088823265411e-14,1.34781075189494e-13,4.773959005888162e-15,2.278177646530796e-14,2.6956215037895166e-13,1.0,1.0,1.0,0.0,0.0,0.0
1,0,trajectory,8,50,50,1.0,59.977236629094875,181.65702856377706,1.5933178483231965e-15,3.221528471500968e-15,1.3227945702221388e-14,7.850462293418875e-16,1.946914648767882e-15,8.635508522760762e-15,1.0824674490095276e-15,3.042011087472931e-15,1.0047518372857667e-14,2.2204460492503107e-15,6.084022174945843e-15,2.0206059048177644e-14,1.0,1.0,1.0,0.0,0.0,0.0
1,0,trajectory,12,50,50,1.0,45.25426024872442,97.87558186716365,9.828178575838015e-16,1.6184401016822298e-15,4.137852442286184e-15,3.14018491736755e-16,9.42055475210265e-16,2.198129442157285e-15,8.049116928532385e-16,1.4044321261508233e-15,4.3298697960381105e-15,1.554312234475218e-15,2.908784324517906e-15,8.659739592076183e-15,1.0,1.0,1.0,0.0,0.0,0.0
1,0,trajectory,20,50,50,1.0,37.123552857431335,86.84679185574034,7.963965969309127e-16,1.9453464383346947e-15,9.912675640594279e-15,3.14018491736755e-16,7.850462293418875e-16,2.3551386880256623e-15,6.661338147750939e-16,2.0150547896946594e-15,9.769962616701378e-15,1.332267629550187e-15,4.019007349143059e-15,1.9539925233402566e-14,1.0,1.0,1.0,0.0,0.0,0.0
1,0,uniform,3,50,0,0.0,nan,nan,nan,nan,nan,nan,nan,nan,nan,nan,nan,nan,nan,nan,nan,nan,nan,nan,nan,nan
1,0,uniform,5,50,0,0.0,nan,nan,nan,nan,nan,nan,nan,nan,nan,nan,nan,nan,nan,nan,nan,nan,nan,nan,nan,nan
1,0,uniform,6,50,50,1.0,109.5785596562069,782.2398017090536,2.407422610121887e-15,1.1722258793348254e-14,4.7380743107297454e-14,1.1775693440128313e-15,5.055697716961756e-15,3.077381219020199e-14,1.887379141862766e-15,9.05386876581816e-15,3.624878175401136e-14,3.774758283725525e-15,1.80966353013899e-14,7.26085858104826e-14,1.0,1.0,1.0,0.0,0.0,0.0
1,0,uniform,8,50,50,1.0,28.130349902734203,60.06107341488303,1.0320069711837494e-15,2.4004799706443798e-15,8.344094212888184e-15,4.710277376051325e-16,1.570092458683775e-15,2.0411201962889075e-15,6.661338147750939e-16,1.6875389974302383e-15,8.215650382226158e-15,1.332267629550187e-15,3.375077994860471e-15,1.643130076445218e-14,1.0,1.0,1.0,0.0,0.0,0.0
1,0,uniform,12,50,50,1.0,15.834186538683923,23.21506183634249,7.035362970426086e-16,1.2285656081740804e-15,2.390408665702298e-15,3.14018491736755e-16,7.850462293418875e-16,1.4130832128153975e-15,3.608224830031759e-16,9.048317650695028e-16,2.4424906541753444e-15,6.661338147750937e-16,1.8207657603852558e-15,4.884981308350677e-15,1.0,1.0,1.0,0.0,0.0,0.0
1,0,uniform,20,50,50,1.0,10.544534645551188,13.246166664274801,7.046283268677405e-16,1.4707022249241571e-15,5.165893502716378e-15,4.710277376051325e-16,8.007471539287255e-16,2.51214793389404e-15,4.440892098500626e-16,1.0269562977782702e-15,4.9960036108132044e-15,8.881784197001248e-16,2.06501482580279e-15,9.992007221626358e-15,1.0,1.0,1.0,0.0,0.0,0.0
1,1,sobol,3,50,0,0.0,nan,nan,nan,nan,nan,nan,nan,nan,nan,nan,nan,nan,nan,nan,nan,nan,nan,nan,nan,nan
1,1,sobol,5,50,0,0.0,nan,nan,nan,nan,nan,nan,nan,nan,nan,nan,nan,nan,nan,nan,nan,nan,nan,nan,nan,nan
1,1,sobol,6,50,50,1.0,27.44130121532208,521.7718750592583,1.1060136703415495e-15,9.29531985997617e-15,4.0275238595618653e-13,6.2803698347351e-16,2.7005590289360933e-15,3.969193735552583e-13,8.881784197001252e-16,9.214851104388801e-15,6.838973831690964e-14,1.7763568394002489e-15,1.842970220877743e-14,1.3677947663380992e-13,1.0,1.0,1.0,0.0,0.0,0.0
1,1,sobol,8,50,50,1.0,11.620362056372372,18.668410388453896,6.448160459750857e-16,1.6272170907149783e-15,8.134094415115229e-15,3.14018491736755e-16,1.0990647210786425e-15,2.9831756714991722e-15,4.440892098500626e-16,1.265654248072679e-15,7.827072323607354e-15,8.881784197001248e-16,2.5313084961453546e-15,1.57651669496771e-14,1.0,1.0,1.0,0.0,0.0,0.0
1,1,sobol,12,50,50,1.0,9.238600737200082,13.502549705206217,5.606295285212028e-16,1.1748129229420174e-15,7.652337001048001e-15,3.14018491736755e-16,8.007471539287255e-16,1.4130832128153975e-15,3.3306690738754696e-16,6.716849298982198e-16,7.66053886991358e-15,6.661338147750937e-16,1.3544720900426905e-15,1.5321077739827044e-14,1.0,1.0,1.0,0.0,0.0,0.0
1,1,sobol,20,50,50,1.0,7.96138422431113,8.637700519853873,4.862452937479304e-16,8.353302682180397e-16,6.902274738594201e-15,3.14018491736755e-16,7.850462293418875e-16,1.4130832128153975e-15,2.7755575615628914e-16,6.16173778666962e-16,6.716849298982197e-15,6.661338147750937e-16,1.332267629550187e-15,1.3544720900426818e-14,1.0,1.0,1.0,0.0,0.0,0.0
1,1,trajectory,3,50,0,0.0,nan,nan,nan,nan,nan,nan,nan,nan,nan,nan,nan,nan,nan,nan,nan,nan,nan,nan,nan,nan
1,1,trajectory,5,50,0,0.0,nan,nan,nan,nan,nan,nan,nan,nan,nan,nan,nan,nan,nan,nan,nan,nan,nan,nan,nan,nan
1,1,trajectory,6,50,48,0.96,192.30989863508307,2035.973162088085,3.7344149071023685e-15,3.14063595208259e-14,8.921925827414124e-14,1.7271017045521523e-15,1.752223183891093e-14,5.79364117254313e-14,2.831068712794149e-15,2.5096591471651665e-14,8.737455203799982e-14,5.6621374255882826e-15,5.0226489634040823e-14,1.7474910407598437e-13,1.0,1.0,1.0,0.0,0.0,0.0
1,1,trajectory,8,50,50,1.0,75.98205210259107,237.47322246686397,1.3458494751347205e-15,3.94777138458382e-15,1.4534768173359257e-14,7.850462293418875e-16,2.0568211208757456e-15,7.850462293418874e-15,1.1102230246251565e-15,3.563815909046753e-15,1.2212453270876722e-14,2.2204460492503107e-15,7.12763181809348e-15,2.4424906541753144e-14,1.0,1.0,1.0,0.0,0.0,0.0
1,1,trajectory,12,50,50,1.0,53.002080481281325,118.81443193305834,8.390239688269696e-16,1.809781952101251e-15,6.614314666349671e-15,4.710277376051325e-16,1.0990647210786425e-15,2.198129442157285e-15,7.771561172376096e-16,1.5709655798445967e-15,6.494804694057166e-15,1.554312234475218e-15,3.1530333899354405e-15,1.3100631690576762e-14,1.0,1.0,1.0,0.0,0.0,0.0
1,1,trajectory,20,50,50,1.0,46.517703887662165,93.77979788436737,8.223610997033104e-16,1.7943295511505795e-15,2.393033838344776e-15,3.14018491736755e-16,8.007471539287255e-16,1.0990647210786425e-15,5.273559366969494e-16,1.7208456881689926e-15,2.4424906541753444e-15,1.110223024625156e-15,3.5527136788004946e-15,4.884981308350677e-15,1.0,1.0,1.0,0.0,0.0,0.0
1,1,uniform,3,50,0,0.0,nan,nan,nan,nan,nan,nan,nan,nan,nan,nan,nan,nan,nan,nan,nan,nan,nan,nan,nan,nan
1,1,uniform,5,50,0,0.0,nan,nan,nan,nan,nan,nan,nan,nan,nan,nan,nan,nan,nan,nan,nan,nan,nan,nan,nan,nan
1,1,uniform,6,50,50,1.0,89.69147405205004,516.2330497210919,2.4854033800745023e-15,9.21937175926717e-15,4.5383943206172636e-14,1.1775693440128313e-15,5.134202339895945e-15,3.642614504146358e-14,2.1649348980190553e-15,6.694644838489703e-15,2.8477220581635265e-14,4.329869796038101e-15,1.3500311979441824e-14,5.706546346573142e-14,1.0,1.0,1.0,0.0,0.0,0.0
1,1,uniform,8,50,50,1.0,25.444500578442742,77.2622875291195,1.1713116855218265e-15,3.1415450852372188e-15,6.4256436588872456e-15,6.2803698347351e-16,1.88411095042053e-15,3.2971941632359274e-15,7.216449660063518e-16,2.4480417692984703e-15,6.494804694057166e-15,1.4432899320127025e-15,4.90718576884318e-15,1.3100631690576762e-14,1.0,1.0,1.0,0.0,0.0,0.0
1,1,uniform,12,50,50,1.0,14.684818357337516,24.023175428336124,6.640445014419013e-16,1.5472481794340548e-15,5.312342622447263e-15,3.14018491736755e-16,8.007471539287255e-16,1.4130832128153975e-15,4.440892098500626e-16,1.315614284180811e-15,5.162537064506978e-15,8.881784197001248e-16,2.731148640577882e-15,1.0436096431476416e-14,1.0,1.0,1.0,0.0,0.0,0.0
1,1,uniform,20,50,50,1.0,10.367201212436878,14.125902743075471,4.452942618854062e-16,1.9762862221761015e-15,5.62889741512714e-15,3.14018491736755e-16,6.43737908060348e-16,1.25607396694702e-15,3.0531133177191805e-16,2.0039525594484076e-15,5.440092820663267e-15,6.661338147750937e-16,4.019007349143059e-15,1.0880185641326474e-14,1.0,1.0,1.0,0.0,0.0,0.0
1,2,sobol,3,50,0,0.0,nan,nan,nan,nan,nan,nan,nan,nan,nan,nan,nan,nan,nan,nan,nan,nan,nan,nan,nan,nan
1,2,sobol,5,50,0,0.0,nan,nan,nan,nan,nan,nan,nan,nan,nan,nan,nan,nan,nan,nan,nan,nan,nan,nan,nan,nan
1,2,sobol,6,50,50,1.0,25.86822123660877,276.4990269357251,9.893757986898506e-16,9.165918763229393e-15,2.3352486284442568e-14,6.280369834735099e-16,2.8889701239781463e-15,1.978316497941556e-14,6.661338147750939e-16,8.792966355031242e-15,1.3988810110276972e-14,1.332267629550187e-15,1.7585932710062326e-14,2.7977620220553554e-14,1.0,1.0,1.0,0.0,0.0,0.0
1,2,sobol,8,50,50,1.0,14.065007623800877,26.994257403206312,6.411735497238948e-16,1.231119492932852e-15,5.476253004873675e-15,3.1401849173675493e-16,1.1147656456654803e-15,1.8841109504205295e-15,3.608224830031759e-16,7.827072323607354e-16,5.329070518200751e-15,6.661338147750937e-16,1.554312234475218e-15,1.0658141036401446e-14,1.0,1.0,1.0,0.0,0.0,0.0
1,2,sobol,12,50,50,1.0,10.110660939202457,13.324717176305816,6.464072928908868e-16,1.1613973452744218e-15,3.903858421523317e-15,3.1401849173675493e-16,9.420554752102648e-16,1.0990647210786423e-15,4.440892098500626e-16,8.715250743307484e-16,3.941291737419306e-15,8.881784197001248e-16,1.6431300764452316e-15,7.993605777301096e-15,1.0,1.0,1.0,0.0,0.0,0.0
1,2,sobol,20,50,50,1.0,7.759952792116064,9.365534761689947,5.103092384246967e-16,1.062265395998861e-15,1.6189561878609006e-15,3.1401849173675493e-16,9.420554752102648e-16,1.2560739669470197e-15,3.3306690738754696e-16,5.551115123125783e-16,1.6653345369377348e-15,6.661338147750937e-16,1.110223024625156e-15,3.330669073875464e-15,1.0,1.0,1.0,0.0,0.0,0.0
1,2,trajectory,3,50,0,0.0,nan,nan,nan,nan,nan,nan,nan,nan,nan,nan,nan,nan,nan,nan,nan,nan,nan,nan,nan,nan
1,2,trajectory,5,50,0,0.0,nan,nan,nan,nan,nan,nan,nan,nan,nan,nan,nan,nan,nan,nan,nan,nan,nan,nan,nan,nan
1,2,trajectory,6,50,48,0.96,193.62641800637925,1632.611129156592,2.9745241004517965e-15,3.0384025385066914e-14,1.978470268213449e-13,1.6485970816179633e-15,1.0974946286199594e-14,1.408372935439346e-13,2.1649348980190553e-15,2.7539082125827034e-14,1.389999226830696e-13,4.440892098500617e-15,5.504485756091378e-14,2.779998453661006e-13,1.0,1.0,1.0,0.0,0.0,0.0
1,2,trajectory,8,50,49,0.98,58.15551591002621,167.8312638219695,1.233473090398494e-15,3.468306468741394e-15,8.3102053923405e-15,6.280369834735099e-16,2.072522045462583e-15,5.652332851261589e-15,9.43689570931383e-16,3.3528735343679746e-15,6.161737786669619e-15,1.9984014443252798e-15,6.705747068735927e-15,1.2212453270876648e-14,1.0,1.0,1.0,0.0,0.0,0.0
1,2,trajectory,12,50,50,1.0,44.650279701625365,143.68728843897418,8.807570674731536e-16,2.0039053059437805e-15,1.1125994744491906e-14,3.1401849173675493e-16,1.0990647210786423e-15,2.5121479338940395e-15,6.106226635438361e-16,1.8707257964933893e-15,1.0880185641326534e-14,1.2212453270876714e-15,3.8413716652030355e-15,2.176037128265283e-14,1.0,1.0,1.0,0.0,0.0,0.0
1,2,trajectory,20,50,50,1.0,47.63843899884106,91.26477797564223,1.0697300618467754e-15,3.0417628903849572e-15,4.850706090022827e-15,4.710277376051324e-16,9.420554752102648e-16,3.4542034091043042e-15,8.049116928532385e-16,2.786659791809143e-15,4.9404924595819466e-15,1.554312234475218e-15,5.57331958361827e-15,9.992007221626358e-15,1.0,1.0,1.0,0.0,0.0,0.0
1,2,uniform,3,50,0,0.0,nan,nan,nan,nan,nan,nan,nan,nan,nan,nan,nan,nan,nan,nan,nan,nan,nan,nan,nan,nan
1,2,uniform,5,50,0,0.0,nan,nan,nan,nan,nan,nan,nan,nan,nan,nan,nan,nan,nan,nan,nan,nan,nan,nan,nan,nan
1,2,uniform,6,50,50,1.0,67.90063823280497,760.7233692127069,2.489644060458967e-15,1.0951039071109617e-14,1.153263516883275e-12,1.0990647210786423e-15,4.459062582661921e-15,4.736968947848948e-13,1.970645868709653e-15,1.049715869783086e-14,1.0513812043200232e-12,3.88578058618804e-15,2.109423746787776e-14,2.1027624086378356e-12,1.0,1.0,1.0,0.0,0.0,0.0
1,2,uniform,8,50,50,1.0,27.293740016874843,94.14713554364701,1.0205656416430615e-15,3.885386004617905e-15,6.503507691153003e-15,6.280369834735099e-16,2.135325743809935e-15,3.925231146709437e-15,8.881784197001252e-16,3.3417713041217213e-15,5.6066262743570405e-15,1.7763568394002489e-15,6.6835426082434206e-15,1.1324274851176532e-14,1.0,1.0,1.0,0.0,0.0,0.0
1,2,uniform,12,50,50,1.0,14.552328386986519,24.093593122765014,6.141438394141839e-16,1.4079728257563476e-15,3.962849863182254e-15,3.1401849173675493e-16,7.850462293418874e-16,3.611212654972682e-15,4.440892098500626e-16,1.3433698597964396e-15,1.7763568394002505e-15,8.881784197001248e-16,2.6867397195928756e-15,3.5527136788004946e-15,1.0,1.0,1.0,0.0,0.0,0.0
1,2,uniform,20,50,50,1.0,10.610428199481717,14.306320305640929,5.33699997082617e-16,1.4740508033660121e-15,4.425332435349383e-15,2.355138688025662e-16,9.420554752102648e-16,1.5700924586837747e-15,3.3306690738754696e-16,1.076916333886403e-15,4.3298697960381105e-15,6.661338147750937e-16,2.1538326677728035e-15,8.659739592076183e-15,1.0,1.0,1.0,0.0,0.0,0.0
4,0,sobol,3,50,0,0.0,nan,nan,nan,nan,nan,nan,nan,nan,nan,nan,nan,nan,nan,nan,nan,nan,nan,nan,nan,nan
4,0,sobol,5,50,0,0.0,nan,nan,nan,nan,nan,nan,nan,nan,nan,nan,nan,nan,nan,nan,nan,nan,nan,nan,nan,nan
4,0,sobol,6,50,50,1.0,33.85429542525195,177.63930869614083,1.0614223390754696e-15,4.692056958774775e-15,4.7374087853613865e-14,6.46244724497257e-16,3.2743066041194364e-15,3.295848094936011e-14,7.355227538141662e-16,4.718447854656916e-15,2.1538326677728037e-14,2.3314683517128287e-15,1.4810375148499592e-14,6.750155989720952e-14,1.0,1.0,1.0,0.0,0.0,0.0
4,0,sobol,8,50,50,1.0,11.260417807814985,30.003732339084863,6.233943454721342e-16,1.4347664915479171e-15,7.714628635614458e-15,3.231223622486285e-16,1.0770745408287618e-15,1.5079043571602665e-15,3.0531133177191805e-16,8.659739592076222e-16,2.3037127760972e-15,1.1102230246251565e-15,2.686739719592879e-15,6.8833827526759706e-15,1.0,1.0,1.0,0.0,0.0,0.0
4,0,sobol,12,50,50,1.0,9.804421555874185,12.340099657469088,5.72494750460472e-16,1.3729256815668683e-15,8.862906671051765e-15,4.308298163315047e-16,1.0986160316453373e-15,4.739127979646551e-15,2.3592239273284576e-16,1.1657341758564144e-15,1.0047518372857667e-14,7.771561172376096e-16,3.574918139293004e-15,3.1530333899354446e-14,1.0,1.0,1.0,0.0,0.0,0.0
4,0,sobol,20,50,50,1.0,8.088114122321146,8.989248856119382,6.540362101661881e-16,2.608825327027733e-15,1.0666029408311623e-14,3.231223622486285e-16,8.616596326630094e-16,4.739127979646551e-15,4.440892098500626e-16,1.1768364061026665e-15,6.022959908591474e-15,1.3322676295501878e-15,3.663735981263018e-15,1.887379141862766e-14,1.0,1.0,1.0,0.0,0.0,0.0
4,0,trajectory,3,50,0,0.0,nan,nan,nan,nan,nan,nan,nan,nan,nan,nan,nan,nan,nan,nan,nan,nan,nan,nan,nan,nan
4,0,trajectory,5,50,0,0.0,nan,nan,nan,nan,nan,nan,nan,nan,nan,nan,nan,nan,nan,nan,nan,nan,nan,nan,nan,nan
4,0,trajectory,6,50,47,0.94,119.85909743441228,1345.5006083699063,2.887584415948639e-15,1.711890184790989e-14,3.4430854772272653e-13,1.0770745408287618e-15,5.773119538842159e-15,2.143378336249236e-13,1.304512053934559e-15,1.235678226407799e-14,1.1088352458443751e-13,3.9968028886505635e-15,3.859135233597044e-14,3.4661162828797387e-13,1.0,1.0,1.0,0.0,0.0,0.0
4,0,trajectory,8,50,50,1.0,59.29410409829606,319.12211065349504,1.1107706877644954e-15,6.429332094504899e-15,4.709096148976854e-13,5.385372704143809e-16,2.1756905724740993e-15,4.573258500358922e-13,5.828670879282072e-16,4.39648317751562e-15,1.5312751067142472e-13,1.7763568394002505e-15,1.361133428190442e-14,4.787281682183675e-13,1.0,1.0,1.0,0.0,0.0,0.0
4,0,trajectory,12,50,50,1.0,41.381185209068995,130.79753058231162,9.118793702423391e-16,2.513874226753487e-15,8.086312411467688e-15,4.308298163315047e-16,1.0770745408287618e-15,3.231223622486285e-15,6.106226635438361e-16,1.6708856520608615e-15,6.5503158452884236e-15,1.7763568394002505e-15,5.284661597215748e-15,2.020605904817785e-14,1.0,1.0,1.0,0.0,0.0,0.0
4,0,trajectory,20,50,50,1.0,40.09446178626818,99.19842334088467,8.368604167878137e-16,2.35625149942821e-15,7.595695246924259e-15,4.308298163315047e-16,1.0770745408287618e-15,2.8003938061547806e-15,5.689893001203927e-16,1.6958656701149267e-15,3.913536161803677e-15,1.7763568394002505e-15,5.1292303737682235e-15,1.199040866595169e-14,1.0,1.0,1.0,0.0,0.0,0.0
4,0,uniform,3,50,0,0.0,nan,nan,nan,nan,nan,nan,nan,nan,nan,nan,nan,nan,nan,nan,nan,nan,nan,nan,nan,nan
4,0,uniform,5,50,0,0.0,nan,nan,nan,nan,nan,nan,nan,nan,nan,nan,nan,nan,nan,nan,nan,nan,nan,nan,nan,nan
4,0,uniform,6,50,50,1.0,124.86726559595708,547.8839012280229,2.3439416024273862e-15,1.3639536781407421e-14,4.186095525242366e-12,1.0770745408287618e-15,7.108691969469833e-15,1.89974407511377e-12,1.4710455076283324e-15,8.862355294070314e-15,7.418510250545296e-13,4.773959005888173e-15,2.7844393457598934e-14,2.318145675417327e-12,1.0,1.0,1.0,0.0,0.0,0.0
4,0,uniform,8,50,50,1.0,30.941091789350466,89.42131885078018,9.809685499554677e-16,2.3905446582984435e-15,1.1264061723919358e-14,4.308298163315047e-16,1.3355724306276651e-15,4.523713071480799e-15,5.551115123125783e-16,1.8735013540549517e-15,1.0658141036401503e-14,1.887379141862766e-15,6.017408793468349e-15,3.3306690738754696e-14,1.0,1.0,1.0,0.0,0.0,0.0
4,0,uniform,12,50,50,1.0,15.301157567032817,37.536792903724944,5.529378735195093e-16,1.2814343346004049e-15,5.250677973357845e-15,2.1541490816575234e-16,6.46244724497257e-16,8.616596326630094e-16,3.885780586188048e-16,1.2573275753879899e-15,3.497202527569243e-15,1.1102230246251565e-15,3.819167204710539e-15,1.0880185641326534e-14,1.0,1.0,1.0,0.0,0.0,0.0
4,0,uniform,20,50,50,1.0,10.473798392136842,13.621333065322265,6.52684181841948e-16,1.5350553775532544e-15,6.815848200374777e-15,4.308298163315047e-16,8.616596326630094e-16,1.7233192653260188e-15,3.885780586188048e-16,1.279532035880493e-15,9.020562075079397e-15,1.1102230246251565e-15,3.796962744218036e-15,2.7977620220553945e-14,1.0,1.0,1.0,0.0,0.0,0.0
4,1,sobol,3,50,0,0.0,nan,nan,nan,nan,nan,nan,nan,nan,nan,nan,nan,nan,nan,nan,nan,nan,nan,nan,nan,nan
4,1,sobol,5,50,0,0.0,nan,nan,nan,nan,nan,nan,nan,nan,nan,nan,nan,nan,nan,nan,nan,nan,nan,nan,nan,nan
4,1,sobol,6,50,50,1.0,33.1351793763947,255.34658684613552,1.1784819234564173e-15,4.534489202422859e-15,1.059992664157447e-13,6.46244724497257e-16,2.326481008190128e-15,1.486362866343691e-14,7.771561172376096e-16,4.5075054799781365e-15,1.3711254354120683e-13,2.3314683517128287e-15,1.409983241273949e-14,4.283240429003854e-13,1.0,1.0,1.0,0.0,0.0,0.0
4,1,sobol,8,50,50,1.0,11.945766956306816,35.62546114050966,6.977734490460368e-16,1.823032573267317e-15,7.60596913335263e-15,3.231223622486285e-16,1.3140309398110897e-15,3.4466385306520375e-15,3.0531133177191805e-16,1.4988010832439617e-15,5.9396931817445875e-15,1.1102230246251565e-15,4.52970994047064e-15,1.84297022087776e-14,1.0,1.0,1.0,0.0,0.0,0.0
4,1,sobol,12,50,50,1.0,10.598909300607902,15.589321623128237,6.416417269914283e-16,1.2949117279128315e-15,1.2336970896499634e-14,4.308298163315047e-16,1.0770745408287618e-15,4.092883255149295e-15,4.440892098500626e-16,9.18709552877317e-16,8.770761894538737e-15,1.3322676295501878e-15,2.9087843245179105e-15,2.7533531010703882e-14,1.0,1.0,1.0,0.0,0.0,0.0
4,1,sobol,20,50,50,1.0,8.068338724452442,8.512640488100509,6.484693249191721e-16,1.3481120383924361e-15,1.0810389572325487e-14,2.1541490816575234e-16,8.616596326630094e-16,4.308298163315047e-15,4.718447854656915e-16,1.34336985979644e-15,7.494005416219807e-15,1.4432899320127035e-15,4.107825191113081e-15,2.3314683517128287e-14,1.0,1.0,1.0,0.0,0.0,0.0
4,1,trajectory,3,50,0,0.0,nan,nan,nan,nan,nan,nan,nan,nan,nan,nan,nan,nan,nan,nan,nan,nan,nan,nan,nan,nan
4,1,trajectory,5,50,0,0.0,nan,nan,nan,nan,nan,nan,nan,nan,nan,nan,nan,nan,nan,nan,nan,nan,nan,nan,nan,nan
4,1,trajectory,6,50,50,1.0,172.571291941356,1851.0569620652948,3.242642527350523e-15,1.7926556926755736e-14,7.653425596892044e-14,1.5079043571602665e-15,1.1050784788903095e-14,6.807111098037774e-14,1.5126788710517758e-15,7.38020755619573e-15,4.013456234019941e-14,4.773959005888173e-15,2.3248070135650782e-14,1.2567724638756772e-13,1.0,1.0,1.0,0.0,0.0,0.0
4,1,trajectory,8,50,50,1.0,60.82769867847604,176.82511662521222,1.0627473581321202e-15,3.4298353242415542e-15,8.157550965727495e-15,4.308298163315047e-16,1.5079043571602665e-15,3.015808714320533e-15,8.604228440844963e-16,2.5118795932144175e-15,7.632783294297951e-15,2.6645352591003757e-15,7.99360577730113e-15,2.353672812205332e-14,1.0,1.0,1.0,0.0,0.0,0.0
4,1,trajectory,12,50,50,1.0,44.30231703269757,93.05208819089408,6.163661189789227e-16,1.4965117575436664e-15,4.406801486706079e-15,4.308298163315047e-16,1.0770745408287618e-15,3.015808714320533e-15,4.0245584642661925e-16,1.0907941216942164e-15,2.0261570199409107e-15,1.3322676295501878e-15,3.3306690738754696e-15,6.439293542825908e-15,1.0,1.0,1.0,0.0,0.0,0.0
4,1,trajectory,20,50,50,1.0,40.80415148634081,76.22469519356206,7.803062191629245e-16,1.948856603416716e-15,8.149547698014301e-15,4.308298163315047e-16,1.0770745408287618e-15,3.4466385306520375e-15,4.440892098500626e-16,1.7180701306074301e-15,8.409939411535561e-15,1.3322676295501878e-15,5.5955240441107896e-15,2.6201263381153694e-14,1.0,1.0,1.0,0.0,0.0,0.0
4,1,uniform,3,50,0,0.0,nan,nan,nan,nan,nan,nan,nan,nan,nan,nan,nan,nan,nan,nan,nan,nan,nan,nan,nan,nan
4,1,uniform,5,50,0,0.0,nan,nan,nan,nan,nan,nan,nan,nan,nan,nan,nan,nan,nan,nan,nan,nan,nan,nan,nan,nan
4,1,uniform,6,50,50,1.0,98.90429625227299,701.6432991389761,2.1990046384349875e-15,2.0071836494001543e-14,3.2192639131237814e-14,1.292489448994514e-15,3.5758874755514906e-15,1.3355724306276645e-14,1.5543122344752192e-15,1.7966184095996598e-14,3.300137940698278e-14,4.773959005888173e-15,5.626610288800294e-14,1.0347278589506459e-13,1.0,1.0,1.0,0.0,0.0,0.0
4,1,uniform,8,50,50,1.0,29.096834547683702,75.93838999845502,1.0101543980495714e-15,3.0183219031916584e-15,1.3249658632385738e-14,4.308298163315047e-16,1.5079043571602665e-15,4.308298163315047e-15,6.106226635438361e-16,2.126077092157175e-15,1.63202784619898e-14,1.887379141862766e-15,6.528111384795922e-15,5.084821452783217e-14,1.0,1.0,1.0,0.0,0.0,0.0
4,1,uniform,12,50,50,1.0,15.235996048298933,22.28344451347116,6.103343432991741e-16,9.613498253738701e-16,1.5411954410170686e-15,3.231223622486285e-16,6.677862153138326e-16,1.292489448994514e-15,3.885780586188048e-16,8.326672684688674e-16,1.1657341758564144e-15,1.2212453270876722e-15,2.4424906541753444e-15,3.774758283725532e-15,1.0,1.0,1.0,0.0,0.0,0.0
4,1,uniform,20,50,50,1.0,10.99627249864868,14.215415626332106,6.617656770748327e-16,1.3043730404894842e-15,3.2806601398525808e-15,4.308298163315047e-16,1.0770745408287618e-15,1.9387341734917712e-15,3.608224830031759e-16,8.659739592076222e-16,2.6922908347160046e-15,1.1102230246251565e-15,2.464695114667848e-15,8.43769498715119e-15,1.0,1.0,1.0,0.0,0.0,0.0
4,2,sobol,3,50,0,0.0,nan,nan,nan,nan,nan,nan,nan,nan,nan,nan,nan,nan,nan,nan,nan,nan,nan,nan,nan,nan
4,2,sobol,5,50,0,0.0,nan,nan,nan,nan,nan,nan,nan,nan,nan,nan,nan,nan,nan,nan,nan,nan,nan,nan,nan,nan
4,2,sobol,6,50,50,1.0,42.44667785692581,362.66942175632886,1.1786769268267285e-15,1.0134984123575954e-14,5.208838715865736e-14,6.462447244972569e-16,2.2187735541072494e-15,1.0770745408287614e-14,5.828670879282072e-16,2.808864252301648e-15,7.743805596760467e-15,1.7763568394002505e-15,8.704148513061234e-15,2.4202861936828413e-14,1.0,1.0,1.0,0.0,0.0,0.0
4,2,sobol,8,50,50,1.0,11.863533777369245,27.554314777762247,8.237358988105001e-16,1.4317993532305026e-15,6.2845245875518015e-15,4.308298163315046e-16,8.832011234795847e-16,1.7233192653260184e-15,4.3021142204224816e-16,1.5293322164211532e-15,2.6645352591003757e-15,1.3322676295501878e-15,4.685141163918161e-15,8.215650382226158e-15,1.0,1.0,1.0,0.0,0.0,0.0
4,2,sobol,12,50,50,1.0,10.713823573377066,12.727555706367983,6.639389685988787e-16,1.2785552760797826e-15,4.647049309015904e-15,4.308298163315046e-16,8.832011234795847e-16,2.5849788979890277e-15,4.440892098500626e-16,1.226796442210798e-15,4.385380947269368e-15,1.3322676295501878e-15,3.597122599785508e-15,1.3766765505351941e-14,1.0,1.0,1.0,0.0,0.0,0.0
4,2,sobol,20,50,50,1.0,7.948579007850191,9.530593759566191,5.621961655173571e-16,1.0908512857754885e-15,4.648921232277732e-15,3.2312236224862847e-16,6.462447244972569e-16,3.4466385306520367e-15,3.885780586188048e-16,8.881784197001252e-16,4.107825191113079e-15,1.1102230246251565e-15,2.6645352591003757e-15,1.2656542480726785e-14,1.0,1.0,1.0,0.0,0.0,0.0
4,2,trajectory,3,50,0,0.0,nan,nan,nan,nan,nan,nan,nan,nan,nan,nan,nan,nan,nan,nan,nan,nan,nan,nan,nan,nan
4,2,trajectory,5,50,0,0.0,nan,nan,nan,nan,nan,nan,nan,nan,nan,nan,nan,nan,nan,nan,nan,nan,nan,nan,nan,nan
4,2,trajectory,6,50,49,0.98,163.2040334101468,1948.0577468393494,2.316336384264898e-15,1.9647288828051754e-14,1.6514814175195588e-13,1.2924894489945139e-15,4.86837692454601e-15,1.3183392379744042e-13,1.5265566588595902e-15,1.3838930001952583e-14,9.828249325494198e-14,4.6629367034256575e-15,4.329869796038113e-14,3.0686564400639327e-13,1.0,1.0,1.0,0.0,0.0,0.0
4,2,trajectory,8,50,50,1.0,62.87444212148385,317.09137220820287,1.3235150279063868e-15,4.304817684017168e-15,4.4305419015439517e-14,6.462447244972569e-16,3.0158087143205322e-15,1.9387341734917706e-14,6.106226635438361e-16,2.506328478091292e-15,5.417888360170764e-14,1.887379141862766e-15,7.949196856316123e-15,1.6919798895287386e-13,1.0,1.0,1.0,0.0,0.0,0.0
4,2,trajectory,12,50,50,1.0,50.743474264340975,154.59154801241343,9.749649689333917e-16,2.422880360244489e-15,6.23588023210275e-15,4.308298163315046e-16,1.3140309398110893e-15,2.154149081657523e-15,6.245004513516506e-16,2.2315482794965652e-15,7.299716386910404e-15,1.887379141862766e-15,6.994405055138488e-15,2.2870594307278225e-14,1.0,1.0,1.0,0.0,0.0,0.0
4,2,trajectory,20,50,50,1.0,46.331068332661545,100.30328197819108,8.979210704279823e-16,2.4384308745536245e-15,5.361083753316521e-15,4.308298163315046e-16,1.5079043571602661e-15,4.523713071480798e-15,6.38378239159465e-16,2.040034807748726e-15,4.468647674116255e-15,2.1094237467877974e-15,6.328271240363394e-15,1.3988810110276972e-14,1.0,1.0,1.0,0.0,0.0,0.0
4,2,uniform,3,50,0,0.0,nan,nan,nan,nan,nan,nan,nan,nan,nan,nan,nan,nan,nan,nan,nan,nan,nan,nan,nan,nan
4,2,uniform,5,50,0,0.0,nan,nan,nan,nan,nan,nan,nan,nan,nan,nan,nan,nan,nan,nan,nan,nan,nan,nan,nan,nan
4,2,uniform,6,50,50,1.0,70.32751866963622,684.7551606396315,1.675074196719497e-15,7.828581889314926e-15,8.039501112316225e-14,8.616596326630092e-16,4.351381144948197e-15,7.754936693967082e-14,1.1102230246251565e-15,6.217248937900877e-15,4.113376306236205e-14,3.4416913763379853e-15,1.9317880628477724e-14,1.2856382625159313e-13,1.0,1.0,1.0,0.0,0.0,0.0
4,2,uniform,8,50,50,1.0,26.287401844136795,66.7079336870197,9.186635589933093e-16,1.7993818873331162e-15,3.998253897189434e-15,4.308298163315046e-16,1.3140309398110893e-15,1.7233192653260184e-15,4.579669976578771e-16,1.2823075934420559e-15,5.134781488891349e-15,1.3322676295501878e-15,4.0412118096355704e-15,1.6209256159527285e-14,1.0,1.0,1.0,0.0,0.0,0.0
4,2,uniform,12,50,50,1.0,16.197809787944983,23.500865474549514,7.14346596016657e-16,1.2329170792294583e-15,4.734229654844465e-15,4.308298163315046e-16,8.616596326630092e-16,2.154149081657523e-15,4.0245584642661925e-16,1.1768364061026665e-15,5.9674487573602164e-15,1.3322676295501878e-15,3.663735981263018e-15,1.84297022087776e-14,1.0,1.0,1.0,0.0,0.0,0.0
4,2,uniform,20,50,50,1.0,10.378844396514335,14.452425610038087,6.042015881616129e-16,1.8955667502220797e-15,8.328022258213016e-15,4.308298163315046e-16,6.89327706130408e-16,4.092883255149294e-15,4.0245584642661925e-16,8.382183835919933e-16,9.603429163007604e-15,1.1102230246251565e-15,2.6645352591003757e-15,2.9976021664879227e-14,1.0,1.0,1.0,0.0,0.0,0.0
16,0,sobol,3,50,0,0.0,nan,nan,nan,nan,nan,nan,nan,nan,nan,nan,nan,nan,nan,nan,nan,nan,nan,nan,nan,nan
16,0,sobol,5,50,0,0.0,nan,nan,nan,nan,nan,nan,nan,nan,nan,nan,nan,nan,nan,nan,nan,nan,nan,nan,nan,nan
16,0,sobol,6,50,50,1.0,22.441260830331466,169.03404190987388,1.2094570363569306e-15,6.154472223108746e-15,4.429219849317388e-14,6.648365714509253e-16,2.9917645715291653e-15,4.03334186680228e-14,8.638922910364499e-16,8.41895997361064e-15,3.2730762544730396e-14,7.993605777301127e-15,7.571721027943568e-14,2.9620750296999176e-13,1.0,1.0,1.0,0.0,0.0,0.0
16,0,sobol,8,50,50,1.0,11.977102963972346,29.435795551789422,7.053005310256864e-16,1.6333351072616014e-15,4.276275536312834e-15,4.4322438096728357e-16,8.864487619345671e-16,2.880958476287343e-15,6.38378239159465e-16,1.9428902930940243e-15,5.141720382795256e-15,5.551115123125783e-15,1.6742163211347365e-14,4.6629367034256575e-14,1.0,1.0,1.0,0.0,0.0,0.0
16,0,sobol,12,50,50,1.0,9.679307582492445,13.19536680629528,6.624015245838214e-16,1.3074851066579367e-15,5.068394827901303e-15,4.4322438096728357e-16,8.864487619345671e-16,3.102570666770985e-15,4.440892098500626e-16,1.1879386363489174e-15,7.13318293321663e-15,3.9968028886505635e-15,1.1546319456101628e-14,6.439293542825908e-14,1.0,1.0,1.0,0.0,0.0,0.0
16,0,sobol,20,50,50,1.0,8.044957882364612,8.900827671368164,6.683610677143826e-16,1.4257386988014057e-15,6.264587988074228e-15,4.4322438096728357e-16,8.864487619345671e-16,1.994509714352776e-15,3.7470027081099033e-16,1.3211653993039363e-15,6.904199434387692e-15,3.1086244689504383e-15,1.2034817586936698e-14,6.261657858885883e-14,1.0,1.0,1.0,0.0,0.0,0.0
16,0,trajectory,3,50,0,0.0,nan,nan,nan,nan,nan,nan,nan,nan,nan,nan,nan,nan,nan,nan,nan,nan,nan,nan,nan,nan
16,0,trajectory,5,50,0,0.0,nan,nan,nan,nan,nan,nan,nan,nan,nan,nan,nan,nan,nan,nan,nan,nan,nan,nan,nan,nan
16,0,trajectory,6,50,48,0.96,185.9642406490965,1870.1581742565868,3.2015386590683685e-15,2.6476311051937652e-14,1.9241109223522183e-13,1.1080609524182089e-15,6.980784000234721e-15,1.4559920914775265e-13,4.038436252074007e-15,2.3203661214665822e-14,1.6724122087197202e-13,3.6637359812630166e-14,2.0943247136529e-13,1.510791491909913e-12,1.0,1.0,1.0,0.0,0.0,0.0
16,0,trajectory,8,50,50,1.0,73.7786432267736,308.91315302473976,1.1453495696392942e-15,3.945203101155528e-15,5.843766945223349e-13,6.648365714509253e-16,1.8172199619658634e-15,5.440579276373406e-13,9.367506770274758e-16,4.3201553445726405e-15,6.442069100387471e-14,8.881784197001252e-15,3.9657166439610597e-14,5.81756864903582e-13,1.0,1.0,1.0,0.0,0.0,0.0
16,0,trajectory,12,50,50,1.0,68.13127896828485,149.17673535501783,8.591581123105267e-16,4.015133723172908e-15,1.8844915423067387e-13,4.4322438096728357e-16,1.1302221714665733e-15,1.183409097182647e-13,4.718447854656915e-16,4.331951464209284e-15,2.333550019884001e-14,4.440892098500626e-15,3.9657166439610597e-14,2.1094237467877974e-13,1.0,1.0,1.0,0.0,0.0,0.0
16,0,trajectory,20,50,50,1.0,47.826487852584066,128.91900044170245,8.551797466302089e-16,2.6470476866843497e-15,6.565723298282216e-15,4.4322438096728357e-16,8.864487619345671e-16,1.5512853333854925e-15,6.210310043996969e-16,3.0059288391726116e-15,6.189493362285248e-15,5.329070518200751e-15,2.757793993168889e-14,5.551115123125783e-14,1.0,1.0,1.0,0.0,0.0,0.0
16,0,uniform,3,50,0,0.0,nan,nan,nan,nan,nan,nan,nan,nan,nan,nan,nan,nan,nan,nan,nan,nan,nan,nan,nan,nan
16,0,uniform,5,50,0,0.0,nan,nan,nan,nan,nan,nan,nan,nan,nan,nan,nan,nan,nan,nan,nan,nan,nan,nan,nan,nan
16,0,uniform,6,50,50,1.0,72.06255719215635,540.1482945653547,2.0221613996713695e-15,6.715257388876825e-15,1.014966074630357e-13,7.756426666927462e-16,3.346344076302991e-15,9.307712000312954e-15,1.1657341758564144e-15,5.210415432443942e-15,1.6700529847923917e-13,1.0436096431476471e-14,4.72510919280467e-14,1.5085710458606627e-12,1.0,1.0,1.0,0.0,0.0,0.0
16,0,uniform,8,50,50,1.0,21.89639777402153,84.24168890865108,7.662860741720446e-16,2.673230811605219e-15,9.282676881922467e-15,3.3241828572546267e-16,1.5512853333854925e-15,2.6593462858037013e-15,5.134781488891349e-16,1.9942381079829385e-15,1.3850032232198828e-14,4.884981308350689e-15,1.745270594710747e-14,1.2612133559741778e-13,1.0,1.0,1.0,0.0,0.0,0.0
16,0,uniform,12,50,50,1.0,13.46168289938602,22.750243246029754,8.082508106185878e-16,1.4881104070369619e-15,1.2880404308965787e-14,4.4322438096728357e-16,1.1080609524182089e-15,1.994509714352776e-15,6.626643678231403e-16,1.4620249455532533e-15,3.740063814205996e-15,5.995204332975845e-15,1.243449787580176e-14,3.3306690738754696e-14,1.0,1.0,1.0,0.0,0.0,0.0
16,0,uniform,20,50,50,1.0,9.824089756541394,12.670842916815223,5.882098475423265e-16,1.5711478311196337e-15,6.0309293436688135e-15,4.4322438096728357e-16,9.086099809829317e-16,2.2161219048364177e-15,4.0245584642661925e-16,1.6778245459647687e-15,8.777700788442644e-15,3.3306690738754696e-15,1.5587531265737205e-14,7.815970093361102e-14,1.0,1.0,1.0,0.0,0.0,0.0
16,1,sobol,3,50,0,0.0,nan,nan,nan,nan,nan,nan,nan,nan,nan,nan,nan,nan,nan,nan,nan,nan,nan,nan,nan,nan
16,1,sobol,5,50,0,0.0,nan,nan,nan,nan,nan,nan,nan,nan,nan,nan,nan,nan,nan,nan,nan,nan,nan,nan,nan,nan
16,1,sobol,6,50,50,1.0,26.174211607131184,112.58316426368103,1.105620469550443e-15,2.675074175014079e-15,8.536430309712618e-15,4.4322438096728357e-16,1.8615424000625924e-15,5.540304762091044e-15,8.118505867571457e-16,3.910066714851724e-15,1.0755285551056204e-14,7.105427357601002e-15,3.423927807943984e-14,9.814371537686384e-14,1.0,1.0,1.0,0.0,0.0,0.0
16,1,sobol,8,50,50,1.0,11.707718265384209,23.351514767719014,6.514277051568603e-16,1.4525400663483545e-15,4.845866761469065e-15,2.2161219048364179e-16,9.307712000312962e-16,1.7728975238691343e-15,5.447031714567174e-16,2.040728697139116e-15,3.5180192092809648e-15,4.884981308350689e-15,1.8385293287792595e-14,3.1530333899354446e-14,1.0,1.0,1.0,0.0,0.0,0.0
16,1,sobol,12,50,50,1.0,10.136329491747208,12.532678543199921,7.351542527469418e-16,1.8063525423038168e-15,5.941896141398704e-15,4.4322438096728357e-16,9.086099809829317e-16,3.3241828572546266e-15,4.787836793695988e-16,1.7832957333041585e-15,7.889522368742519e-15,3.9968028886505635e-15,1.5587531265737205e-14,7.061018436615996e-14,1.0,1.0,1.0,0.0,0.0,0.0
16,1,sobol,20,50,50,1.0,8.03833436378208,9.12436426985133,7.013329087910528e-16,1.2904815459563273e-15,7.330861672095044e-15,4.4322438096728357e-16,9.086099809829317e-16,3.989019428705552e-15,4.649058915617843e-16,1.1157741397482826e-15,5.974387651264124e-15,4.440892098500626e-15,9.903189379656398e-15,5.3734794391857577e-14,1.0,1.0,1.0,0.0,0.0,0.0
16,1,trajectory,3,50,0,0.0,nan,nan,nan,nan,nan,nan,nan,nan,nan,nan,nan,nan,nan,nan,nan,nan,nan,nan,nan,nan
16,1,trajectory,5,50,0,0.0,nan,nan,nan,nan,nan,nan,nan,nan,nan,nan,nan,nan,nan,nan,nan,nan,nan,nan,nan,nan
16,1,trajectory,6,50,47,0.94,174.88596610346022,1078.0176331790817,1.9761499008457267e-15,1.190571354564024e-14,3.0837950575745455e-13,8.864487619345671e-16,6.382431085928877e-15,2.6815075048520653e-14,1.6930901125533637e-15,1.1483869410966457e-14,5.422259863330225e-13,1.4654943925052066e-14,1.039168751049146e-13,4.8969717170166405e-12,1.0,1.0,1.0,0.0,0.0,0.0
16,1,trajectory,8,50,50,1.0,75.91884243207559,250.09356304405023,1.1720141320595043e-15,3.213969339188083e-15,8.152770710638293e-15,4.4322438096728357e-16,1.7728975238691343e-15,7.53481447644382e-15,7.875644580934704e-16,3.6345926268666075e-15,1.0179357357031904e-14,6.8833827526759706e-15,3.2951419370874654e-14,9.192646643896296e-14,1.0,1.0,1.0,0.0,0.0,0.0
16,1,trajectory,12,50,50,1.0,55.269425621798376,164.01246756586048,9.573131520536238e-16,2.053064255309426e-15,4.923785139093757e-15,4.4322438096728357e-16,1.1080609524182089e-15,1.994509714352776e-15,7.181755190543981e-16,1.811745198310178e-15,8.229528170033973e-15,6.217248937900877e-15,1.665334536937735e-14,7.460698725481052e-14,1.0,1.0,1.0,0.0,0.0,0.0
16,1,trajectory,20,50,50,1.0,52.11818933851512,109.14412737457839,7.22885849225728e-16,1.9673048570776097e-15,4.624827266858038e-15,4.4322438096728357e-16,6.648365714509253e-16,1.3296731429018507e-15,7.91033905045424e-16,2.8643754035329043e-15,6.6058269965196814e-15,7.327471962526033e-15,2.5490720645393597e-14,5.950795411990839e-14,1.0,1.0,1.0,0.0,0.0,0.0
16,1,uniform,3,50,0,0.0,nan,nan,nan,nan,nan,nan,nan,nan,nan,nan,nan,nan,nan,nan,nan,nan,nan,nan,nan,nan
16,1,uniform,5,50,0,0.0,nan,nan,nan,nan,nan,nan,nan,nan,nan,nan,nan,nan,nan,nan,nan,nan,nan,nan,nan,nan
16,1,uniform,6,50,50,1.0,77.72141238117104,596.0895842473983,1.305384072046995e-15,7.584331051754348e-15,2.522397871661069e-13,6.648365714509253e-16,4.232792838237559e-15,8.731520305055486e-14,1.016547956922409e-15,9.592326932761355e-15,3.6731034880332913e-13,9.325873406851315e-15,8.748557434046236e-14,3.3173463975799677e-12,1.0,1.0,1.0,0.0,0.0,0.0
16,1,uniform,8,50,50,1.0,30.330388603630283,58.35244103173293,9.501147918171516e-16,3.1089082867108758e-15,6.991822903695336e-15,6.648365714509253e-16,1.7728975238691343e-15,3.5457950477382686e-15,7.494005416219807e-16,3.198136200310842e-15,1.0637324354689781e-14,6.439293542825908e-15,2.8821389719269066e-14,9.592326932761353e-14,1.0,1.0,1.0,0.0,0.0,0.0
16,1,uniform,12,50,50,1.0,15.94688468927641,27.690712903342142,6.662672821774344e-16,1.1632312712334987e-15,6.756503308363492e-15,3.3241828572546267e-16,6.869977904992898e-16,3.989019428705552e-15,4.440892098500626e-16,1.6292522886374177e-15,7.292777493006497e-15,4.440892098500626e-15,1.4965806371947115e-14,6.572520305780927e-14,1.0,1.0,1.0,0.0,0.0,0.0
16,1,uniform,20,50,50,1.0,9.727134129777742,12.410318736981068,5.680419925842065e-16,1.4958155332083158e-15,3.078859566108253e-15,2.2161219048364179e-16,8.864487619345671e-16,1.7728975238691343e-15,4.440892098500626e-16,1.4578616092109088e-15,3.337607967779377e-15,3.9968028886505635e-15,1.2168044349891718e-14,3.019806626980426e-14,1.0,1.0,1.0,0.0,0.0,0.0
16,2,sobol,3,50,0,0.0,nan,nan,nan,nan,nan,nan,nan,nan,nan,nan,nan,nan,nan,nan,nan,nan,nan,nan,nan,nan
16,2,sobol,5,50,0,0.0,nan,nan,nan,nan,nan,nan,nan,nan,nan,nan,nan,nan,nan,nan,nan,nan,nan,nan,nan,nan
16,2,sobol,6,50,50,1.0,42.13334701134425,210.6666817727704,1.1529644105402657e-15,4.2563278199940945e-15,4.88479594039516e-14,4.4322438096728347e-16,2.2161219048364173e-15,1.6620914286273128e-14,7.147060721024445e-16,2.3286927941512664e-15,7.500250420733323e-14,5.773159728050814e-15,2.0916601783937956e-14,6.772360450213455e-13,1.0,1.0,1.0,0.0,0.0,0.0
16,2,sobol,8,50,50,1.0,12.254795613483768,27.497014817841638,8.474959237065452e-16,2.9378236678023552e-15,6.3125445705801526e-15,4.4322438096728347e-16,1.817219961965863e-15,4.432243809672835e-15,5.551115123125783e-16,1.9581558596826198e-15,7.119305145408816e-15,4.884981308350689e-15,1.7319479184152442e-14,6.439293542825908e-14,1.0,1.0,1.0,0.0,0.0,0.0
16,2,sobol,12,50,50,1.0,9.655321675023725,14.596807549306059,6.191818502921809e-16,1.5221205674579903e-15,3.87979595476342e-15,2.2161219048364174e-16,1.3296731429018503e-15,2.437734095320059e-15,4.718447854656915e-16,1.134509153288832e-15,4.773959005888173e-15,4.440892098500626e-15,1.021405182655144e-14,4.39648317751562e-14,1.0,1.0,1.0,0.0,0.0,0.0
16,2,sobol,20,50,50,1.0,8.278420640731174,9.055661619737009,5.783700152541873e-16,1.3082246140557094e-15,7.731058073488764e-15,2.2161219048364174e-16,8.8644876193456695e-16,1.9945097143527757e-15,4.128641872824801e-16,1.1511624986582094e-15,3.9968028886505635e-15,3.3306690738754696e-15,1.0791367799356523e-14,3.6415315207705135e-14,1.0,1.0,1.0,0.0,0.0,0.0
16,2,trajectory,3,50,0,0.0,nan,nan,nan,nan,nan,nan,nan,nan,nan,nan,nan,nan,nan,nan,nan,nan,nan,nan,nan,nan
16,2,trajectory,5,50,0,0.0,nan,nan,nan,nan,nan,nan,nan,nan,nan,nan,nan,nan,nan,nan,nan,nan,nan,nan,nan,nan
16,2,trajectory,6,50,49,0.98,194.60198938406344,1612.2274280654945,3.93010335161383e-15,2.3701673786485826e-14,1.2174005029427824e-13,1.3296731429018503e-15,9.839581257473698e-15,8.000200076459467e-14,2.4702462297909733e-15,1.9118040484045204e-14,1.0587364318581649e-13,2.220446049250313e-14,1.7195134205394432e-13,9.561240688071848e-13,1.0,1.0,1.0,0.0,0.0,0.0
16,2,trajectory,8,50,50,1.0,79.06316805671602,208.23790045246633,1.2609495927639097e-15,4.466755900781951e-15,1.421625360708169e-14,5.540304762091043e-16,2.2382831238847818e-15,9.307712000312953e-15,8.98586760555986e-16,6.034062138837728e-15,1.927624726505428e-14,8.43769498715119e-15,5.506706202140779e-14,1.7408297026122455e-13,1.0,1.0,1.0,0.0,0.0,0.0
16,2,trajectory,12,50,50,1.0,66.03327837210482,137.12078039937708,7.073354330894207e-16,1.634530366311568e-15,9.706449503521427e-15,4.4322438096728347e-16,1.1080609524182087e-15,2.8809584762873426e-15,7.91033905045424e-16,1.5230872119076372e-15,1.7062740109707875e-14,6.8833827526759706e-15,1.3278267374516878e-14,1.5409895581797173e-13,1.0,1.0,1.0,0.0,0.0,0.0
16,2,trajectory,20,50,50,1.0,61.645035483232434,121.49378786345031,6.896726317595701e-16,2.227523470077746e-15,6.789077790705008e-15,4.4322438096728347e-16,1.1967058286116666e-15,3.767407238221909e-15,5.828670879282072e-16,1.4779844015322398e-15,6.945832797811136e-15,5.329070518200751e-15,1.3056222769591843e-14,6.350475700855895e-14,1.0,1.0,1.0,0.0,0.0,0.0
16,2,uniform,3,50,0,0.0,nan,nan,nan,nan,nan,nan,nan,nan,nan,nan,nan,nan,nan,nan,nan,nan,nan,nan,nan,nan
16,2,uniform,5,50,0,0.0,nan,nan,nan,nan,nan,nan,nan,nan,nan,nan,nan,nan,nan,nan,nan,nan,nan,nan,nan,nan
16,2,uniform,6,50,50,1.0,88.08123304456358,589.0305337927044,2.1685864876526638e-15,8.960533401343331e-15,4.5297133286528586e-14,6.648365714509251e-16,6.05001280020342e-15,3.767407238221909e-14,1.56472057533108e-15,1.0390993621101076e-14,4.265338082731773e-14,1.4210854715202004e-14,9.428013925116831e-14,3.8546943414985435e-13,1.0,1.0,1.0,0.0,0.0,0.0
16,2,uniform,8,50,50,1.0,24.96192148032015,51.67944826749361,1.1052315004306358e-15,2.526227088097536e-15,4.194563235230299e-15,4.4322438096728347e-16,1.1080609524182087e-15,2.2161219048364173e-15,7.389922007661198e-16,2.219058270469533e-15,7.376044219853384e-15,7.327471962526033e-15,1.9806378759312803e-14,6.705747068735946e-14,1.0,1.0,1.0,0.0,0.0,0.0
16,2,uniform,12,50,50,1.0,13.597788613896451,22.931234864905687,6.018311448494623e-16,1.2074754581352743e-15,3.9371262759414495e-15,2.2161219048364174e-16,6.869977904992896e-16,1.3296731429018503e-15,4.579669976578771e-16,1.6146806114392122e-15,6.807054919732991e-15,3.9968028886505635e-15,1.509903313490213e-14,6.084022174945858e-14,1.0,1.0,1.0,0.0,0.0,0.0
16,2,uniform,20,50,50,1.0,10.673647704590378,14.205748696592385,5.889367091847344e-16,1.166352937259657e-15,2.6994420730617427e-15,2.2161219048364174e-16,8.8644876193456695e-16,1.3296731429018503e-15,4.718447854656915e-16,1.2462253451417384e-15,2.6367796834847468e-15,4.440892098500626e-15,1.0436096431476475e-14,2.398081733190338e-14,1.0,1.0,1.0,0.0,0.0,0.0
